{
  "version": 1,
  "author": "Uri Shaked",
  "editor": "wokwi",
  "parts": [
    { "type": "board-esp32-devkit-c-v4", "id": "esp", "top": 0, "left": -52.76, "attrs": {} },
    {
      "type": "wokwi-led",
      "id": "led1",
      "top": -22.8,
      "left": 138.2,
      "attrs": { "color": "green" }
    },
    { "type": "wokwi-led", "id": "led2", "top": -22.8, "left": 263, "attrs": { "color": "red" } },
    {
      "type": "wokwi-led",
      "id": "led3",
      "top": -22.8,
      "left": 205.4,
      "attrs": { "color": "yellow" }
    }
  ],
  "connections": [
    [ "esp:TX", "$serialMonitor:RX", "", [] ],
    [ "esp:RX", "$serialMonitor:TX", "", [] ],
    [ "led1:A", "esp:2", "green", [ "v0" ] ],
    [ "led1:C", "esp:GND.2", "green", [ "v0" ] ],
    [ "led3:C", "esp:GND.2", "green", [ "v9.6", "h-66.8" ] ],
    [ "led2:C", "esp:GND.2", "green", [ "v0" ] ],
    [ "led3:A", "esp:4", "green", [ "v0" ] ],
    [ "led2:A", "esp:5", "green", [ "v0" ] ]
  ],
  "dependencies": {}
}