{
  "version": 1,
  "author": "yamuna gowda",
  "editor": "wokwi",
  "parts": [
    { "type": "board-esp32-devkit-c-v4", "id": "esp", "top": -67.2, "left": 62.44, "attrs": {} },
    { "type": "wokwi-membrane-keypad", "id": "keypad1", "top": -472.4, "left": 284, "attrs": {} },
    {
      "type": "wokwi-buzzer",
      "id": "bz1",
      "top": -199.2,
      "left": 107.4,
      "attrs": { "volume": "0.1" }
    }
  ],
  "connections": [
    [ "esp:TX", "$serialMonitor:RX", "", [] ],
    [ "esp:RX", "$serialMonitor:TX", "", [] ],
    [ "bz1:1", "esp:GND.2", "green", [ "v19.2", "h48", "v57.6" ] ],
    [ "bz1:2", "esp:23", "green", [ "v0", "h57.2", "v86.4" ] ],
    [ "keypad1:R1", "esp:22", "green", [ "v0" ] ],
    [ "keypad1:R2", "esp:21", "green", [ "v0" ] ],
    [ "keypad1:R3", "esp:19", "green", [ "v0" ] ],
    [ "keypad1:R4", "esp:18", "green", [ "v0" ] ],
    [ "keypad1:C1", "esp:5", "green", [ "v0" ] ],
    [ "keypad1:C2", "esp:17", "green", [ "v0" ] ],
    [ "keypad1:C3", "esp:16", "green", [ "v0" ] ],
    [ "keypad1:C4", "esp:4", "green", [ "v0" ] ]
  ],
  "dependencies": {}
}