{
  "version": 1,
  "author": "Uri Shaked",
  "editor": "wokwi",
  "parts": [
    { "type": "board-esp32-devkit-c-v4", "id": "esp", "top": 38.4, "left": -215.96, "attrs": {} },
    {
      "type": "wokwi-lcd2004",
      "id": "lcd2",
      "top": -32,
      "left": -42.4,
      "attrs": { "pins": "i2c" }
    }
  ],
  "connections": [
    [ "esp:TX", "$serialMonitor:RX", "", [] ],
    [ "esp:RX", "$serialMonitor:TX", "", [] ],
    [ "lcd2:SDA", "esp:21", "green", [ "h-38.4", "v96.2" ] ],
    [ "lcd2:SCL", "esp:22", "green", [ "h-19.2", "v57.9" ] ],
    [ "lcd2:GND", "esp:GND.2", "black", [ "h-57.6", "v67.2" ] ],
    [ "lcd2:VCC", "esp:3V3", "red", [ "h-182.4", "v19.3" ] ]
  ],
  "dependencies": {}
}